compound_inchikey,compound_firstblock,drugbank_inchikey,drugbank_id,compound_name,match_type,cpie_targets,n_cpie_targets,drugbank_targets,n_drugbank_targets,mean_ave_pchembl,median_ave_pchembl,n_cpie_associations,atc_codes,drugbank_targets_original,n_drugbank_targets_original
ADEBPBSSDYVVLD-UHFFFAOYSA-N,ADEBPBSSDYVVLD,ADEBPBSSDYVVLD-UHFFFAOYSA-N,DB00843,Donepezil,full_inchikey,ACHE|BACE1|CHRNE|DRD4|SIGMAR1,5,ACHE,1,7.1185873959193176,7.4916138362466205,5,N06DA02|N06DA52|N06DA53,ACHE|BCHE|GRIN1|HTR2A|IL1B|NFKB2|NOS1|TNFAIP6,8
AFSDNFLWKVMVRB-UHFFFAOYSA-N,AFSDNFLWKVMVRB,AFSDNFLWKVMVRB-UHFFFAOYSA-N,DB08846,Ellagic acid,full_inchikey,AKR1B1|APOBEC3G|APP|BAZ2B|CBFB|CSNK2A1|CSNK2A2|CSNK2B|EGFR|ELAVL3|GALNT2|GPR35|HPGD|HSPA1A|IGF1R|INSR|KDR|MET|NUAK1|POLB|POLH|POLI|POLK|RUNX1|SLC22A6|SMAD3|SPHK1|SRC|TEK,29,CSNK2A1|HSPA1A,2,6.547312147853737,6.533323357425862,29,,CA1|CA12|CA14|CA2|CA3|CA4|CA5A|CA5B|CA6|CA7|CA9|CSNK2A1|GSK3B|HSPA1A|HSPA1B|PRKACA|PRKCA|PRKCB|SQLE|SYK,20
AHOUBRCZNHFOSL-YOEHRIQHSA-N,AHOUBRCZNHFOSL,AHOUBRCZNHFOSL-YOEHRIQHSA-N,DB00715,Paroxetine,full_inchikey,CHRM1|CHRM2|CHRM3|CHRM4|CHRM5|CYP2D6|MPO|SLC6A2|SLC6A3|SLC6A4|TACR1,11,CHRM1|SLC6A2|SLC6A4,3,6.9324359326587945,6.6118799868079945,11,N06AB05,ADRA1A|ADRA2A|ADRB1|CHRM1|DRD1|DRD2|HRH1|HTR1A|HTR2A|HTR2B|SLC6A2|SLC6A4,12
AIONOLUJZLIMTK-AWEZNQCLSA-N,AIONOLUJZLIMTK,AIONOLUJZLIMTK-AWEZNQCLSA-N,DB01094,Hesperetin,full_inchikey,CA12|CA4|CA7|CYP1B1|DPP4|HDAC6|MAPK14|XDH,8,,0,6.874344411262195,6.4466759330381,8,,DGAT1|MTTP|SHBG|SOAT1|SOAT2,5
AOJJSUZBOXZQNB-TZSSRYMLSA-N,AOJJSUZBOXZQNB,AOJJSUZBOXZQNB-TZSSRYMLSA-N,DB00997,Doxorubicin,full_inchikey,AURKA|DHCR7|EBP|EPAS1|ESR1|HIF1A|IFNB1|NSD2|TOP2A|YWHAG,10,TOP2A,1,6.628777774355082,6.478821646959718,10,L01DB01,NOLC1|TERT|TOP1|TOP2A|TOP2B,5
AQHHHDLHHXJYJD-UHFFFAOYSA-N,AQHHHDLHHXJYJD,AQHHHDLHHXJYJD-UHFFFAOYSA-N,DB00571,Propranolol,full_inchikey,ADRB1|ADRB2|ADRB3|HTR1A|SLC6A4,5,ADRB1|ADRB2|ADRB3|HTR1A,4,7.443955672335152,7.498158507001757,5,C07AA05|C07BA05|C07FX01,ADRB1|ADRB2|ADRB3|HTR1A|HTR1B,5
AURFZBICLPNKBZ-SYBPFIFISA-N,AURFZBICLPNKBZ,AURFZBICLPNKBZ-SYBPFIFISA-N,DB11859,Brexanolone,full_inchikey,GABRA1|GABRA2|GABRA3|GABRA4|GABRA5|GABRA6|GABRB1|GABRB2|GABRB3|GABRD|GABRE|GABRG1|GABRG2|GABRG3|GABRP|GABRQ,16,GABRA1|GABRB2|GABRD|GABRG2|GABRG3,5,7.296815240387395,7.134960673846167,16,N06AX29,GABRA1|GABRB2|GABRD|GABRG2|GABRG3,5
BCGWQEUPMDMJNV-UHFFFAOYSA-N,BCGWQEUPMDMJNV,BCGWQEUPMDMJNV-UHFFFAOYSA-N,DB00458,Imipramine,full_inchikey,ADORA3|ADRA1A|ADRA2B|CHRM1|CHRM2|CHRM3|CHRM4|CHRM5|CNR1|DRD2|DRD3|HRH1|HRH2|HTR2A|HTR2C|HTR6|HTR7|KCNH1|SLC22A2|SLC6A2|SLC6A4,21,ADRA1A|CHRM1|CHRM2|CHRM3|CHRM4|CHRM5|DRD2|HRH1|HTR2A|HTR2C|HTR6|HTR7|KCNH1|SLC6A2|SLC6A4,15,6.98152573726724,6.835281801993852,21,N06AA02,ADRA1A|ADRA1B|ADRA1D|CHRM1|CHRM2|CHRM3|CHRM4|CHRM5|DRD1|DRD2|HRH1|HTR1A|HTR2A|HTR2C|HTR6|HTR7|KCND2|KCND3|KCNH1|KCNH2|ORM2|SLC6A2|SLC6A3|SLC6A4,24
BNRNXUUZRGQAQC-UHFFFAOYSA-N,BNRNXUUZRGQAQC,BNRNXUUZRGQAQC-UHFFFAOYSA-N,DB00203,Sildenafil,full_inchikey,ADORA2A|PDE1A|PDE1B|PDE1C|PDE5A|PDE6A|PDE6B|PDE6C|PDE6D|PDE6G|PDE6H|SLCO1B3,12,PDE5A|PDE6G|PDE6H,3,7.388939494446567,7.8207200460194795,12,G01AE10|G04BE03,CD274|ODC1|PDE5A|PDE6G|PDE6H|SERPING1,6
BTCSSZJGUNDROE-UHFFFAOYSA-N,BTCSSZJGUNDROE,BTCSSZJGUNDROE-UHFFFAOYSA-N,DB02530,gamma-Aminobutyric acid,full_inchikey,GABBR1|GABBR2|GABRA2|GABRA3|GABRA4|GABRA5|GABRA6|GABRB1|GABRB2|GABRB3|GABRD|GABRE|GABRG1|GABRG2|GABRG3|GABRP|GABRQ|GABRR1|GABRR3|GP6,20,GABBR1|GABBR2|GABRA2|GABRA3|GABRA5|GABRB2|GABRG2,7,6.593054223671503,6.677722747296174,20,,GABBR1|GABBR2|GABRA1|GABRA2|GABRA3|GABRA5|GABRB2|GABRG2|GATM|ITGA4|SLC6A1|SLC6A11,12
BYBLEWFAAKGYCD-UHFFFAOYSA-N,BYBLEWFAAKGYCD,BYBLEWFAAKGYCD-UHFFFAOYSA-N,DB01110,Miconazole,full_inchikey,CYP17A1|CYP2C19|CYP2C9|CYP2J2|CYP3A4|CYP3A7|CYP51A1|HSP90AA1|SLC6A4|TBXAS1,10,,0,6.5007650795495575,6.596120557355543,10,A01AB09|A07AC01|D01AC02|D01AC52|G01AF04|G01AF20|J02AB01|S02AA13,CACNA1C|KCND1|KCNJ12|KCNMA1|NOS2|NOS3|NR1I2,7
BZKPWHYZMXOIDC-UHFFFAOYSA-N,BZKPWHYZMXOIDC,BZKPWHYZMXOIDC-UHFFFAOYSA-N,DB00819,Acetazolamide,full_inchikey,CA1|CA11|CA12|CA13|CA14|CA2|CA4|CA5A|CA5B|CA6|CA7|CA9,12,CA1|CA12|CA14|CA2|CA4|CA7,6,7.319140575631529,7.229040185669911,12,G01AE10|S01EC01,AQP1|CA1|CA12|CA14|CA2|CA3|CA4|CA7,8
CEUORZQYGODEFX-UHFFFAOYSA-N,CEUORZQYGODEFX,CEUORZQYGODEFX-UHFFFAOYSA-N,DB01238,Aripiprazole,full_inchikey,ABCB1|ADRA1A|ADRA1B|ADRA1D|ADRA2A|ADRA2B|ADRA2C|ADRB1|AGTR1|DRD2|DRD3|DRD4|H1-0|HRH1|HTR1A|HTR1B|HTR1D|HTR2A|HTR2B|HTR2C|HTR3A|HTR3B|HTR3C|HTR3D|HTR3E|HTR6|HTR7|SLC6A4,28,ADRA1A|ADRA1B|ADRA2A|ADRA2B|ADRA2C|ADRB1|DRD2|DRD3|DRD4|HRH1|HTR1A|HTR1B|HTR1D|HTR2A|HTR2B|HTR2C|HTR3A|HTR6|HTR7|SLC6A4,20,6.957478657155177,6.894392977007648,28,N05AX12,ADRA1A|ADRA1B|ADRA2A|ADRA2B|ADRA2C|ADRB1|ADRB2|CHRM1|CHRM2|CHRM3|CHRM4|CHRM5|DRD1|DRD2|DRD3|DRD4|DRD5|GRIN1|HRH1|HRH2|HRH3|HRH4|HTR1A|HTR1B|HTR1D|HTR1E|HTR2A|HTR2B|HTR2C|HTR3A|HTR5A|HTR6|HTR7|OPRD1|OPRK1|OPRM1|SLC6A3|SLC6A4,38
CGIGDMFJXJATDK-UHFFFAOYSA-N,CGIGDMFJXJATDK,CGIGDMFJXJATDK-UHFFFAOYSA-N,DB00328,Indomethacin,full_inchikey,AR|CXCL8|EPHX2|MT-CO2|NAPRT|PTGDR2|PTGER2|PTGS1|PTGS2|SLCO1B1,10,PTGDR2|PTGS1|PTGS2,3,7.239204415202283,6.758434716179265,10,C01EB03|M01AB01|M01AB51|M02AA23|S01BC01|S01CC02,AKR1C3|EIF2AK2|GLO1|PLA2G2A|PPARA|PPARG|PTGDR2|PTGR2|PTGS1|PTGS2,10
COLNVLDHVKWLRT-QMMMGPOBSA-N,COLNVLDHVKWLRT,COLNVLDHVKWLRT-QMMMGPOBSA-N,DB00120,Phenylalanine,full_inchikey,CA1|CA13|CA14|CA2|GPR139,5,,0,7.201314164817868,7.154901959985743,5,,FARS2|FARSA|FARSB|PAH|SLC7A8|TAT|TH,7
CVHZOJJKTDOEJC-UHFFFAOYSA-N,CVHZOJJKTDOEJC,CVHZOJJKTDOEJC-UHFFFAOYSA-N,DB12418,Saccharin,full_inchikey,CA12|CA14|CA6|CA7|CA9,5,CA12|CA9,2,6.665362554540894,6.193920733334948,5,,CA1|CA12|CA2|CA3|CA9,5
DRLFMBDRBRZALE-UHFFFAOYSA-N,DRLFMBDRBRZALE,DRLFMBDRBRZALE-UHFFFAOYSA-N,DB01065,Melatonin,full_inchikey,HRH3|HTR2B|MTNR1A|MTNR1B|NQO2,5,MTNR1A|MTNR1B|NQO2,3,8.078818488369873,9.081170156950892,5,N05CH01,ASMT|CALM1|CALR|EPX|ESR1|MPO|MTNR1A|MTNR1B|NQO2|RORB,10
FAKRSMQSSFJEIM-RQJHMYQMSA-N,FAKRSMQSSFJEIM,FAKRSMQSSFJEIM-RQJHMYQMSA-N,DB01197,Captopril,full_inchikey,ACE|ACE2|F2|HRH1|REN,5,ACE,1,7.502954875283263,7.319379381312206,5,C09AA01|C09BA01,ACE|BDKRB1|LTA4H|MMP2|MMP9,5
FBOZXECLQNJBKD-ZDUSSCGKSA-N,FBOZXECLQNJBKD,FBOZXECLQNJBKD-ZDUSSCGKSA-N,DB00563,Methotrexate,full_inchikey,ATXN2|DHFR|ESRRA|FOLR1|FOLR2|HMGB1|IDH1|MTR|NFE2L2|NR1H4|NSD2|PGR|PPARG|SLC19A1|SLC46A1|SYK|TP53,17,DHFR|SLC19A1|SLC46A1,3,inf,6.875169850586141,17,L01BA01|L04AX03,ATIC|DHFR|SLC19A1|SLC46A1|TYMS,5
FIAFUQMPZJWCLV-UHFFFAOYSA-N,FIAFUQMPZJWCLV,FIAFUQMPZJWCLV-UHFFFAOYSA-N,DB04786,Suramin,full_inchikey,DUSP5|P2RY1|P2RY11|P2RY13|POLK|PTPN1,6,,0,7.418891214410152,7.551186454354779,6,P01CX02,F2|FSHR|HPSE|P2RY2|PLA2G2A|RYR1|SIRT5,7
FTVWIRXFELQLPI-ZDUSSCGKSA-N,FTVWIRXFELQLPI,FTVWIRXFELQLPI-ZDUSSCGKSA-N,DB03467,Naringenin,full_inchikey,CA12|CA4|CA7|CYP19A1|DPP4,5,CYP19A1,1,7.107772563139575,7.098847628117195,5,,AKR1C1|CYP19A1|CYP1B1|ESR1|ESR2|KANSL3|SHBG,7
FXNFHKRTJBSTCS-UHFFFAOYSA-N,FXNFHKRTJBSTCS,FXNFHKRTJBSTCS-UHFFFAOYSA-N,DB16101,Baicalein,full_inchikey,ALOX12|ALOX15|ALOX15B|AURKB|CYP1A2|CYP1B1|TP53,7,,0,6.499572834324549,6.299997602857746,7,,ALOX5|GLO1|PREP|SELL|SELP|TNF|XDH,7
GMVPRGQOIOIIMI-DWKJAMRDSA-N,GMVPRGQOIOIIMI,GMVPRGQOIOIIMI-DWKJAMRDSA-N,DB00770,Alprostadil,full_inchikey,AR|CATSPER1|CATSPER2|CATSPER3|CATSPER4|DRD1|PTGER1|PTGER2|PTGER3|PTGER4|PTGIR|SLCO2A1|SLCO3A1,13,PTGER1|PTGER2|PTGER3|PTGER4,4,7.847177513264112,8.05551732784983,13,C01EA01|G04BE01,PTGDR2|PTGER1|PTGER2|PTGER3|PTGER4|TBXA2R,6
HCYAFALTSJYZDH-UHFFFAOYSA-N,HCYAFALTSJYZDH,HCYAFALTSJYZDH-UHFFFAOYSA-N,DB01151,Desipramine,full_inchikey,ADRA1A|CHRM1|CHRM2|CHRM3|CHRM4|CHRM5|HRH1|HTR2A|SLC29A4|SLC6A2|SLC6A4,11,ADRA1A|CHRM1|CHRM2|CHRM3|CHRM4|CHRM5|HRH1|HTR2A|SLC6A2|SLC6A4,10,7.003256316963434,6.844663962534939,11,N06AA01,ADRA1A|ADRA2A|ADRB1|ADRB2|CHRM1|CHRM2|CHRM3|CHRM4|CHRM5|DRD2|HRH1|HTR1A|HTR2A|HTR2C|SLC6A2|SLC6A4|SMPD1,17
HEFNNWSXXWATRW-UHFFFAOYSA-N,HEFNNWSXXWATRW,HEFNNWSXXWATRW-UHFFFAOYSA-N,DB01050,Ibuprofen,full_inchikey,ASIC1|CASP3|CASP4|CASP5|CASP9|SLC5A8,6,,0,7.49346282584886,7.493155210489555,6,C01EB16|G02CC01|M01AE01|M01AE51|M02AA13|N02AJ08|N02AJ19|N02AJ23|R02AX02,BCL2|CFTR|CXCL8|CXCR1|CXCR2|FABP2|GP1BA|PPARA|PPARG|PTGS1|PTGS2|S100A7|THBD,13
HKSZLNNOFSGOKW-FYTWVXJKSA-N,HKSZLNNOFSGOKW,HKSZLNNOFSGOKW-FYTWVXJKSA-N,DB02010,Staurosporine,full_inchikey,AAK1|ABL1|ABL2|AKT1|AKT2|AKT3|ALK|ANKK1|ARHGEF7|AURKA|AURKB|AURKC|AXL|BCR|BLK|BMP2K|BMPR1B|BMX|BRAF|BRSK1|BRSK2|BTK|C8ORF44-SGK3|CAMK1|CAMK1D|CAMK1G|CAMK2A|CAMK2B|CAMK2D|CAMK2G|CAMK4|CAMKK1|CAMKK2|CASK|CCDC6|CCNA1|CCNB1|CCNB2|CCNB3|CCNC|CCND1|CCND3|CCNE1|CCNE2|CCNH|CCNK|CCNO|CCNT1|CCNT2|CCNY|CDC42BPA|CDC42BPB|CDC42BPG|CDC7|CDK1|CDK13|CDK14|CDK15|CDK16|CDK17|CDK18|CDK19|CDK2|CDK3|CDK4|CDK5|CDK5R1|CDK6|CDK7|CDK8|CDK9|CDKL1|CDKL2|CDKL5|CHEK1|CHEK2|CHUK|CILK1|CIT|CLK1|CLK2|CLK4|COLEC11|CSF1R|CSK|CSNK1A1L|CSNK1E|CSNK2A2|CYP11B2|DAPK1|DAPK2|DAPK3|DBF4|DCLK1|DCLK2|DCLK3|DDR1|DDR2|DMPK|DSTYK|DYRK1A|DYRK1B|DYRK2|DYRK3|EGFR|EIF2AK2|EIF2AK4|EPHA1|EPHA2|EPHA3|EPHA4|EPHA5|EPHA6|EPHA7|EPHA8|EPHB1|EPHB2|EPHB4|EPHB6|ERBB2|ERBB4|ERN1|ERN2|FER|FES|FGFR1|FGFR2|FGFR3|FGFR4|FGR|FLT1|FLT3|FLT4|FPGT-TNNI3K|FRK|FYN|GAK|GCK|GRK1|GRK4|GRK5|GRK6|GRK7|GSK3A|GSK3B|HASPIN|HCK|HIPK2|HIPK3|HIPK4|HUNK|IFNB1|IGF1R|IKBKB|IKBKE|INSR|INSRR|IRAK1|IRAK3|IRAK4|ITK|JAK1|JAK2|JAK3|KARS1|KDR|KIF5B|KIT|LATS1|LATS2|LCK|LIMK1|LIMK2|LRRK2|LTK|LYN|MAK|MAP2K1|MAP2K2|MAP2K3|MAP2K4|MAP2K5|MAP2K6|MAP2K7|MAP3K1|MAP3K10|MAP3K11|MAP3K12|MAP3K13|MAP3K15|MAP3K19|MAP3K2|MAP3K3|MAP3K5|MAP3K6|MAP3K7|MAP3K8|MAP3K9|MAP4K1|MAP4K2|MAP4K3|MAP4K4|MAP4K5|MAPK10|MAPK12|MAPK13|MAPK14|MAPK15|MAPK8|MAPKAPK2|MAPKAPK5|MARK1|MARK2|MARK3|MARK4|MAST1|MATK|MELK|MERTK|MET|MINK1|MKNK1|MKNK2|MST1R|MUSK|MYLK|MYLK2|MYLK3|MYLK4|MYO3A|MYO3B|NEK1|NEK11|NEK4|NEK5|NEK8|NEK9|NIM1K|NLK|NOX4|NSD2|NTRK1|NTRK2|NTRK3|NUAK1|NUAK2|OSR1|OXSR1|PAK1|PAK2|PAK3|PAK4|PAK5|PAK6|PASK|PBK|PDGFRA|PDGFRB|PDK1|PDPK1|PEAK1|PHKA1|PHKA2|PHKB|PHKG1|PHKG2|PI4KB|PIK3C2G|PIM1|PIM2|PIM3|PIP4K2B|PIP5K1A|PKN1|PKN2|PKN3|PLK2|PLK3|PLK4|PNCK|PRKAA1|PRKAA2|PRKAB1|PRKACA|PRKACB|PRKACG|PRKAG1|PRKCA|PRKCB|PRKCD|PRKCE|PRKCG|PRKCH|PRKCI|PRKCQ|PRKCZ|PRKD1|PRKD2|PRKD3|PRKG1|PRKG2|PRKX|PRP4K|PTK2|PTK2B|PTK6|RAF1|RB1|RET|RIOK1|RIOK2|RIOK3|RIPK4|RNASE3|ROCK1|ROCK2|ROS1|RPS6KA1|RPS6KA2|RPS6KA3|RPS6KA4|RPS6KA5|RPS6KA6|RPS6KB1|RPS6KB2|SBK1|SBK3|SGK1|SGK2|SGK3|SIK1|SIK2|SIK3|SLK|SLTM|SNRK|SRC|SRPK1|SRPK2|STK10|STK11|STK16|STK17A|STK17B|STK24|STK25|STK26|STK3|STK32A|STK32B|STK32C|STK33|STK35|STK38|STK38L|STK39|STK4|SYK|TAB1|TAOK1|TAOK2|TAOK3|TBK1|TEC|TEK|TELO2|TESK1|TIE1|TLK1|TLK2|TNIK|TNK1|TNK2|TNNI3K|TP53|TPTEP2-CSNK1E|TSSK1B|TSSK2|TSSK3|TSSK6|TTK|TXK|TXNRD1|TYK2|TYRO3|ULK1|ULK2|ULK3|YES1|ZAP70,390,CDK2|CSK|GSK3B|IKBKB|ITK|LCK|MAPKAPK2|PDPK1|PIM1|PRKCA|PRKCQ|SYK|ZAP70,13,7.721574623450963,7.799138121296349,390,,CDK2|CHRM1|CSK|GSK3B|IKBKB|ITK|LCK|MAPKAPK2|PDPK1|PIK3CG|PIM1|PRKCA|PRKCQ|SYK|ZAP70,15
HYIMSNHJOBLJNT-UHFFFAOYSA-N,HYIMSNHJOBLJNT,HYIMSNHJOBLJNT-UHFFFAOYSA-N,DB01115,Nifedipine,full_inchikey,CACNA1C|CACNA1D|CACNA1F|CACNA1S|CHRM1|CHRM2|CHRM3|CHRM5|CYP1A2|GLRA3|GLRB|HIF1A,12,CACNA1C|CACNA1D|CACNA1S,3,7.644038601190876,7.910773839308446,12,C07FB03|C08CA05|C08CA55|C08GA01,CACNA1C|CACNA1D|CACNA1G|CACNA1S|CACNB2|CALM1|KCND3|NR1I2,8
IYRMWMYZSQPJKC-UHFFFAOYSA-N,IYRMWMYZSQPJKC,IYRMWMYZSQPJKC-UHFFFAOYSA-N,DB01852,Kaempherol,full_inchikey,AURKB|CA12|CA7|CISD1|CSNK2A1|CSNK2A2|CSNK2A3|CSNK2B|CYP1A1|CYP1B1|DPP3|HSD17B2|MAPK10|MAPK14,14,CYP1B1,1,7.073353139369355,6.6875288205382155,14,,AKR1B1|ALOX15|ALOX5|AR|CYP1B1|GLO1|HSD17B1|UGT3A1,8
IZEKFCXSFNUWAM-UHFFFAOYSA-N,IZEKFCXSFNUWAM,IZEKFCXSFNUWAM-UHFFFAOYSA-N,DB00975,Dipyridamole,full_inchikey,ATAD5|PDE10A|PDE11A|PDE1A|PDE1C|PDE3A|PDE3B|PDE4A|PDE5A|PDE6A|PDE6B|PDE6C|PDE6D|PDE6G|PDE6H|PDE7A|PDE7B|PDE8A|PDE8B|PRUNE1|SLC28A1|SLC29A1|SLC29A4,23,PDE10A|PDE4A|PDE5A,3,7.41995710635142,7.532120448127344,23,B01AC07,ADA|ORM1|PDE10A|PDE4A|PDE5A|RCAN1,6
JJCFRYNCJDLXIK-UHFFFAOYSA-N,JJCFRYNCJDLXIK,JJCFRYNCJDLXIK-UHFFFAOYSA-N,DB00434,Cyproheptadine,full_inchikey,ADRA1A|ADRA1D|ADRA2A|ADRA2B|ADRA2C|CHRM1|CHRM2|CHRM3|CHRM4|CHRM5|CYP3A7|DRD1|DRD2|DRD3|GLI3|HRH1|HRH2|HTR1A|HTR2A|HTR2B|HTR2C|HTR6|HTR7|SCN1A|SCN2A|SCN3A|SLC6A2,27,CHRM1|CHRM2|CHRM3|HRH1|HRH2|HTR2A|HTR2B|HTR2C|HTR7,9,7.134955417105829,7.052597040069061,27,R06AX02,CHRM1|CHRM2|CHRM3|HRH1|HRH2|HTR2A|HTR2B|HTR2C|HTR7,9
JWZZKOKVBUJMES-UHFFFAOYSA-N,JWZZKOKVBUJMES,JWZZKOKVBUJMES-UHFFFAOYSA-N,DB01064,Isoprenaline,full_inchikey,ADRA1A|ADRA1B|ADRA1D|ADRB1|ADRB2|ADRB3|CBX1|CREB1|GRK2|TAS2R1|TAS2R10|TAS2R13|TAS2R14|TAS2R16|TAS2R19|TAS2R20|TAS2R3|TAS2R30|TAS2R31|TAS2R38|TAS2R39|TAS2R4|TAS2R40|TAS2R41|TAS2R42|TAS2R43|TAS2R46|TAS2R5|TAS2R50|TAS2R60|TAS2R7|TAS2R8|TAS2R9|TSHR,34,ADRB1|ADRB2|ADRB3,3,8.113401437417272,8.309803919971486,34,C01CA02|R03AB02|R03AK02|R03CB01|R03CB51,ADRB1|ADRB2|ADRB3|IL12B|SOD1,5
JXLYSJRDGCGARV-CFWMRBGOSA-N,JXLYSJRDGCGARV,JXLYSJRDGCGARV-CFWMRBGOSA-N,DB00570,Vinblastine,full_inchikey,IFNG|NSD2|SYK|TUBA1A|TUBA1B|TUBA1C|TUBA3C|TUBA3E|TUBA4A|TUBB|TUBB1|TUBB2A|TUBB2B|TUBB3|TUBB4A|TUBB4B|TUBB6|TUBB8,18,TUBA1A|TUBB|TUBB2A,3,6.793430825042212,6.8200577810857705,18,L01CA01,JUN|TUBA1A|TUBB|TUBB2A|TUBD1|TUBE1|TUBG1,7
JZQKKSLKJUAGIC-UHFFFAOYSA-N,JZQKKSLKJUAGIC,JZQKKSLKJUAGIC-UHFFFAOYSA-N,DB00960,Pindolol,full_inchikey,ADRB1|ADRB2|ADRB3|DRD3|HTR1A|HTR2A|HTR2B,7,ADRB1|ADRB2|ADRB3|HTR1A,4,7.324940941067205,6.95206273334964,7,C07AA03|C07CA03,ADRB1|ADRB2|ADRB3|HTR1A|HTR1B,5
KSEBMYQBYZTDHS-HWKANZROSA-N,KSEBMYQBYZTDHS,KSEBMYQBYZTDHS-HWKANZROSA-N,DB07767,Ferulic acid,full_inchikey,CSNK2A1|CSNK2A2|CSNK2A3|CSNK2B|SNCA,5,,0,6.209668616548183,6.231468428609191,5,,CA1|CA12|CA14|CA2|CA4|CA6|CA9|MAOB,8
KTUFNOKKBVMGRW-UHFFFAOYSA-N,KTUFNOKKBVMGRW,KTUFNOKKBVMGRW-UHFFFAOYSA-N,DB00619,Imatinib,full_inchikey,ABL1|ABL2|BCR|CA1|CA12|CA14|CA2|CA3|CA6|CA7|CA9|CSF1R|DDR1|DDR2|DDX3X|EGFR|ERBB2|INSR|KIT|LCK|NQO2|PDGFRA|PDGFRB|SLC47A1|TBXAS1,25,ABL1|BCR|CSF1R|DDR1|DDR2|KIT|PDGFRA|PDGFRB,8,6.8103998023688455,6.76731665077375,25,L01EA01,ABL1|BCR|CSF1R|DDR1|DDR2|KIT|MCL1|NTRK1|PDGFRA|PDGFRB|RET,11
KWTSXDURSIMDCE-UHFFFAOYSA-N,KWTSXDURSIMDCE,KWTSXDURSIMDCE-UHFFFAOYSA-N,DB00182,Amphetamine,full_inchikey,CA12|CA4|CA5A|CA7|SLC6A2|SLC6A3|TAAR1,7,SLC6A2|SLC6A3|TAAR1,3,6.675137804260918,6.565584182248509,7,N06BA01,ADRA1A|ADRB1|CARTPT|DRD2|MAOA|MAOB|SLC18A2|SLC6A2|SLC6A3|SLC6A4|TAAR1,11
KZNIFHPLKGYRTM-UHFFFAOYSA-N,KZNIFHPLKGYRTM,KZNIFHPLKGYRTM-UHFFFAOYSA-N,DB07352,Apigenin,full_inchikey,AURKB|CSNK2A1|CSNK2A2|CSNK2A3|CSNK2B|CYP1A1|CYP1B1|DPP3|DPP4|HSD17B1|HSD17B3|MAPK10|MAPK14|MKNK2|OPRD1|OPRK1|OPRM1|PIM1|PKM,19,CSNK2A1|CYP1B1|HSD17B1,3,6.7845285119268945,6.3872161432802645,19,,AKR1B1|AR|CDK6|CSNK2A1|CYP19A1|CYP1B1|HSD17B1,7
LOUPRKONTZGTKE-LHHVKLHASA-N,LOUPRKONTZGTKE,LOUPRKONTZGTKE-LHHVKLHASA-N,DB00908,Quinidine,full_inchikey,CYP2D6|KCNA5|KCNA7|KCNH1|SCN1A|SCN2A|SCN3A|SLC29A4|SLC6A4,9,,0,7.2611021158787885,6.877638838615001,9,C01BA01|C01BA51|C01BA71,ADRA1A|ADRA1B|ADRA1D|KCNH2|KCNK1|KCNK6|SCN5A,7
LPEPZBJOKDYZAD-UHFFFAOYSA-N,LPEPZBJOKDYZAD,LPEPZBJOKDYZAD-UHFFFAOYSA-N,DB02266,Flufenamic acid,full_inchikey,AKR1C2|AKR1C3|CHRM1|CHRM3|HRH1|KCNT2|PTGS1|PTGS2|TAS2R14|TTR,10,AKR1C3|PTGS1|PTGS2,3,6.661753692812217,6.334692377544835,10,M01AG03,AKR1C3|AR|PPARA|PPARG|PTGS1|PTGS2,6
LTMHDMANZUZIPE-PUGKRICDSA-N,LTMHDMANZUZIPE,LTMHDMANZUZIPE-PUGKRICDSA-N,DB00390,Digoxin,full_inchikey,AR|ATAD5|ATP1A1|ATP1A2|ATP1A3|ATP1A4|ATP1B1|ATP1B2|ATP1B3|ATXN2|ESR1|ESRRA|FXYD2|GMNN|IDH1|IFNB1|NFE2L2|NR1I2|NR3C1|NSD2|PAX8|SYK|TNF|TP53,24,ATP1A1|ATP1A2|ATP1A3|ATP1B1|ATP1B2|ATP1B3,6,6.858295874318575,6.9784519671672385,24,C01AA05,ATP1A1|ATP1A2|ATP1A3|ATP1B1|ATP1B2|ATP1B3|SLCO4C1,7
LUKBXSAWLPMMSZ-OWOJBTEDSA-N,LUKBXSAWLPMMSZ,LUKBXSAWLPMMSZ-OWOJBTEDSA-N,DB02709,Resveratrol,full_inchikey,DPP4|NQO2|PIK3CA|PIK3CB|TRPA1,5,NQO2,1,6.891692790486287,6.300514997831991,5,,AHR|AKT1|ALOX15|ALOX5|APP|CBR1|CLEC14A|CSNK2A1|ESR1|ITGA5|ITGB3|KHSRP|MTNR1A|MTNR1B|NQO2|NR1I2|NR1I3|PI4K2B|PPARA|PPARG|PTGS1|PTGS2|SIRT1|SLC2A1|SNCA|YARS1,26
MJVAVZPDRWSRRC-UHFFFAOYSA-N,MJVAVZPDRWSRRC,MJVAVZPDRWSRRC-UHFFFAOYSA-N,DB00170,Menadione,full_inchikey,AOX1|CYP1A2|IDO1|MAOA|MAOB|TGM2|TST,7,AOX1,1,6.2972898287820795,6.156081118154956,7,B02BA02,AOX1|BGLAP|F2|F9|GGCX|NQO1|NQO2|PROC|PROS1|VKORC1|VKORC1L1,11
MKXZASYAUGDDCJ-NJAFHUGGSA-N,MKXZASYAUGDDCJ,MKXZASYAUGDDCJ-NJAFHUGGSA-N,DB00514,Dextromethorphan,full_inchikey,CYP2D6|GRIN2C|GRIN3A|SIGMAR1|SLC6A4,5,GRIN3A|SIGMAR1|SLC6A4,3,6.998003718572072,6.986643504128391,5,N06AX62|N07XX59|R05DA09,CHRNA2|CHRNA3|CHRNA4|CHRNA7|CHRNB2|CHRNB4|CYBB|CYP19A1|GRIN3A|OPRD1|OPRK1|OPRM1|PGRMC1|SIGMAR1|SLC6A2|SLC6A4,16
MLKXDPUZXIRXEP-MFOYZWKCSA-N,MLKXDPUZXIRXEP,MLKXDPUZXIRXEP-MFOYZWKCSA-N,DB00605,Sulindac,full_inchikey,AKR1B1|C5|GLRA1|PTGS1|PTGS2,5,AKR1B1|PTGS1|PTGS2,3,6.696157879726405,6.420108201691595,5,M01AB02,AKR1B1|AKR1B10|MAPK3|PPARD|PTGDR2|PTGS1|PTGS2,7
NAQMVNRVTILPCV-UHFFFAOYSA-N,NAQMVNRVTILPCV,NAQMVNRVTILPCV-UHFFFAOYSA-N,DB03260,Hexamethylene diamine,full_inchikey,CA12|CA14|CA3|CA4|CA5A|CA5B|CA6|CA7|CA9,9,CA12|CA14|CA4|CA6|CA9,5,6.2812182044210685,6.238286003218532,9,,CA1|CA12|CA14|CA4|CA6|CA9,6
NHXLMOGPVYXJNR-ATOGVRKGSA-N,NHXLMOGPVYXJNR,NHXLMOGPVYXJNR-ATOGVRKGSA-N,DB09099,Somatostatin,full_inchikey,SSTR1|SSTR2|SSTR3|SSTR4|SSTR5,5,SSTR1|SSTR2|SSTR3|SSTR4|SSTR5,5,9.097724774447586,9.120778700565484,5,H01CB01,OPRD1|OPRM1|SSTR1|SSTR2|SSTR3|SSTR4|SSTR5,7
NKANXQFJJICGDU-QPLCGJKRSA-N,NKANXQFJJICGDU,NKANXQFJJICGDU-QPLCGJKRSA-N,DB00675,Tamoxifen,full_inchikey,CYP2B6|DHCR7|EBP|EBPL|ESR1|ESR2|ESRRG|HTR2C|PRKCA|PRKCB|PRKCD|PRKCE|PRKCG|PRKCH|PRKCI|PRKCQ|PRKCZ|PRKD1|PRKD3|SIGMAR1|TBXAS1,21,EBP|ESR1|ESR2|ESRRG|PRKCA,5,6.5433640561576,6.0,21,L02BA01,AR|EBP|ESR1|ESR2|ESRRG|KCNH2|MAPK8|NR1I2|PRKCA|SHBG,10
NTYJJOPFIAHURM-UHFFFAOYSA-N,NTYJJOPFIAHURM,NTYJJOPFIAHURM-UHFFFAOYSA-N,DB05381,Histamine,full_inchikey,CA1|CA14|CA5A|HRH1|HRH3|HRH4|LMNA,7,HRH1|HRH3|HRH4,3,6.785520022302004,6.801029995663981,7,L03AX14|V04CG03,HRH1|HRH2|HRH3|HRH4|SLC18A2,5
NUKYPUAOHBNCPY-UHFFFAOYSA-N,NUKYPUAOHBNCPY,NUKYPUAOHBNCPY-UHFFFAOYSA-N,DB06637,Dalfampridine,full_inchikey,CYP2D6|KCNA1|KCNA10|KCNA2|KCNA3|KCNA4|KCNA5|KCNA6|KCNA7|KCNB1|KCNB2|KCNC1|KCNC2|KCNC3|KCNC4|KCND1|KCND2|KCND3|KCNF1|KCNG1|KCNG2|KCNG3|KCNG4|KCNH1|KCNH3|KCNH4|KCNH5|KCNH6|KCNH7|KCNH8|KCNQ1|KCNQ2|KCNQ3|KCNQ4|KCNQ5|KCNS1|KCNS2|KCNS3|KCNV1|KCNV2,40,KCNA1|KCNA10|KCNA2|KCNA3|KCNA4|KCNA5|KCNA6|KCNA7|KCNB1|KCNB2|KCNC1|KCNC2|KCNC3|KCND1|KCND2|KCND3,16,8.24991656132293,8.39254497678533,40,N07XX07,KCNA1|KCNA10|KCNA2|KCNA3|KCNA4|KCNA5|KCNA6|KCNA7|KCNB1|KCNB2|KCNC1|KCNC2|KCNC3|KCND1|KCND2|KCND3,16
OFBIFZUFASYYRE-UHFFFAOYSA-N,OFBIFZUFASYYRE,OFBIFZUFASYYRE-UHFFFAOYSA-N,DB01205,Flumazenil,full_inchikey,GABRA1|GABRA2|GABRA3|GABRA4|GABRA5|GABRA6|GABRB1|GABRB2|GABRB3|GABRD|GABRE|GABRG1|GABRG2|GABRG3|GABRP|GABRQ,16,GABRA1|GABRA2|GABRA3|GABRA5|GABRG2|GABRG3,6,8.672889919992846,8.945626545352667,16,V03AB25,GABRA1|GABRA2|GABRA3|GABRA5|GABRG2|GABRG3|TSPO,7
OHCQJHSOBUTRHG-KGGHGJDLSA-N,OHCQJHSOBUTRHG,OHCQJHSOBUTRHG-KGGHGJDLSA-N,DB02587,Colforsin,full_inchikey,ADCY1|ADCY8|ADRB2|ATAD5|CREB1|DRD2|GLI3|NSD2|RXFP1|RXFP2|TSHR,11,ADCY1,1,6.9827883472486345,7.029130204556111,11,,ADCY1|ADCY2|ADCY5|CFTR|CREBBP|GNAS|KCNMA1|MAPK1|MUC2|SERPINE1,10
PFNFFQXMRSDOHW-UHFFFAOYSA-N,PFNFFQXMRSDOHW,PFNFFQXMRSDOHW-UHFFFAOYSA-N,DB00127,Spermine,full_inchikey,CA14|CA4|CA5A|CA5B|CA6|CA7,6,CA14|CA4|CA6,3,6.395914278411664,6.078090833875041,6,,ADRB1|ADRB2|CA14|CA4|CA6|CA9|CASR|GRIN1|GRIN2A|ODC1|SMOX|SMS,12
PMATZTZNYRCHOR-CGLBZJNRSA-N,PMATZTZNYRCHOR,PMATZTZNYRCHOR-CGLBZJNRSA-N,DB00091,Cyclosporine,full_inchikey,FKBP1A|FKBP1B|FKBP4|FPR1|PPIA|PPIB|PPID|PPP3CA|PPP3CC|SLC10A1|SLCO1B1|SLCO1B3|TACR1,13,PPIA|PPP3CA,2,7.2306512618836924,7.568872229735401,13,L04AD01|S01XA18,CAMLG|PPIA|PPIF|PPP3CA|PPP3R2,5
PTOAARAWEBMLNO-KVQBGUIXSA-N,PTOAARAWEBMLNO,PTOAARAWEBMLNO-KVQBGUIXSA-N,DB00242,Cladribine,full_inchikey,GLI3|NR5A1|NSD2|PDE4D|RORA|SYK|TP53,7,,0,6.473908274210453,6.259734958986297,7,L01BB04|L04AA40,ADA|PARP1|PNP|POLA1|POLE|POLE2|POLE3|POLE4|RRM1|RRM2|RRM2B,11
PWWVAXIEGOYWEE-UHFFFAOYSA-N,PWWVAXIEGOYWEE,PWWVAXIEGOYWEE-UHFFFAOYSA-N,DB01069,Promethazine,full_inchikey,ADRA1A|ADRA1D|ADRA2B|CHRM1|CHRM2|CHRM3|CHRM4|CHRM5|DRD2|DRD3|HRH1|HRH2|HRH4|HTR2A|HTR2B|HTR2C|SIGMAR1,17,ADRA1A|CHRM1|CHRM2|CHRM3|CHRM4|CHRM5|DRD2|HRH1|HRH2,9,7.229671593445711,6.938777214213327,17,D04AA10|R06AD02|R06AD52|V03AB05,ADRA1A|CALM1|CHRM1|CHRM2|CHRM3|CHRM4|CHRM5|DRD2|HRH1|HRH2|KCND1|LPAR4|SCN1A,13
PXGPLTODNUVGFL-YNNPMVKQSA-N,PXGPLTODNUVGFL,PXGPLTODNUVGFL-YNNPMVKQSA-N,DB12789,Dinoprost,full_inchikey,PTGDR2|PTGER1|PTGER3|PTGFR|SLC22A1|SLC22A11|SLC22A2|SLC22A6|SLC22A7|SLCO2A1|TBXA2R,11,PTGDR2|PTGER1|PTGER3|PTGFR|TBXA2R,5,6.7968146483082315,6.43327374536289,11,G02AD01,PTGDR|PTGDR2|PTGER1|PTGER2|PTGER3|PTGER4|PTGFR|TBXA2R,8
QDLHCMPXEPAAMD-QAIWCSMKSA-N,QDLHCMPXEPAAMD,QDLHCMPXEPAAMD-QAIWCSMKSA-N,DB08059,Wortmannin,full_inchikey,HSP90AA1|MTOR|PI4KA|PI4KB|PIK3C3|PIK3CA|PIK3CB|PIK3CD|PIK3CG|PIK3R1|PIK3R5|PLK1|PLK3|PRKDC,14,PIK3CA|PIK3CD|PIK3CG|PIK3R1|PLK1,5,7.171435595970593,6.982799413728303,14,,PIK3CA|PIK3CD|PIK3CG|PIK3R1|PLK1,5
QHMBSVQNZZTUGM-ZWKOTPCHSA-N,QHMBSVQNZZTUGM,QHMBSVQNZZTUGM-ZWKOTPCHSA-N,DB09061,Cannabidiol,full_inchikey,CASP1|CNR2|CYP1A1|CYP2B6|CYP3A5|GPR18|GPR55|NR1I2|TRPM8|TRPV2,10,CNR2|GPR18|GPR55|TRPM8|TRPV2,5,,6.888117972073898,10,N03AX24,AANAT|ACAT1|ADORA1|CACNA1G|CACNA1H|CACNA1I|CAT|CHRNA7|CNR1|CNR2|CYP17A1|GLRA1|GLRA3|GPR12|GPR18|GPR55|GPX1|GSR|HMGCR|HTR1A|HTR2A|HTR3A|IDO1|NAAA|NQO1|OPRD1|OPRM1|PPARG|PTGS1|PTGS2|SOD1|TRPA1|TRPM8|TRPV1|TRPV2|TRPV3|TRPV4|VDAC1,38
QZAYGJVTTNCVMB-UHFFFAOYSA-N,QZAYGJVTTNCVMB,QZAYGJVTTNCVMB-UHFFFAOYSA-N,DB08839,Serotonin,full_inchikey,ADORA3|CA12|CA3|CA5B|CA7|DRD2|DRD3|HTR1A|HTR1B|HTR1D|HTR1E|HTR1F|HTR2A|HTR2B|HTR2C|HTR3A|HTR3B|HTR3C|HTR3D|HTR3E|HTR4|HTR5A|HTR6|HTR7,24,ADORA3|HTR1A|HTR1B|HTR1D|HTR2A|HTR2B|HTR2C|HTR3A|HTR3B|HTR4|HTR5A|HTR6|HTR7,13,,7.030490111775666,24,,ADORA3|HTR1A|HTR1B|HTR1D|HTR2A|HTR2B|HTR2C|HTR3A|HTR3B|HTR4|HTR5A|HTR6|HTR7|SLC18A2|SLC6A4,15
REFJWTPEDVJJIY-UHFFFAOYSA-N,REFJWTPEDVJJIY,REFJWTPEDVJJIY-UHFFFAOYSA-N,DB04216,Quercetin,full_inchikey,ABCG2|AKR1B1|AURKB|AXL|CSNK2A3|CYP1B1|DPP3|FLT3|HDAC6|IGF1R|IP6K2|KDR|MAPK10|MAPK14|MET|MMP9|NOX4|PIM1|POLB|POLK,20,CYP1B1|PIM1,2,6.480613449806391,6.2569711110699595,20,,ACTB|AHR|ATP5F1A|ATP5F1B|ATP5F1C|CBR1|CEBPB|CSNK2A1|CSNK2B|CYP1B1|EIF3F|ESR1|ESR2|HCK|HIBCH|HSP90AA1|HSPA2|LPCAT1|LPCAT2|NQO2|NR1I2|PIK3CG|PIM1|RUVBL2|SF3B3|SHBG|STAT3|STK17B|UBA1|UGT3A1,30
RGLYKWWBQGJZGM-ISLYRVAYSA-N,RGLYKWWBQGJZGM,RGLYKWWBQGJZGM-ISLYRVAYSA-N,DB00255,Diethylstilbestrol,full_inchikey,ABCG2|AOX1|CA1|CA2|ESR1|ESR2|ESRRB|ESRRG,8,ESR1|ESR2|ESRRB|ESRRG,4,7.509426762241444,8.036845243453007,8,G03CB02|G03CC05|L02AA01|L02AA04,AR|ESR1|ESR2|ESRRA|ESRRB|ESRRG|NCOA2|NR1I2|SHBG,9
RJKFOVLPORLFTN-LEKSSAKUSA-N,RJKFOVLPORLFTN,RJKFOVLPORLFTN-LEKSSAKUSA-N,DB00396,Progesterone,full_inchikey,AR|CATSPER1|CATSPER2|CATSPER3|CATSPER4|NR3C1|NR3C2|PGR|SERPINA6|SHBG|SIGMAR1|TP53|TRPC5,13,AR|NR3C1|NR3C2|PGR|SHBG,5,7.461484815283645,8.090979145788843,13,G03DA04|G03FA04,AR|CYP17A1|ESR1|ESR2|NR3C1|NR3C2|OPRK1|ORM1|PGR|SHBG,10
RMUCZJUITONUFY-UHFFFAOYSA-N,RMUCZJUITONUFY,RMUCZJUITONUFY-UHFFFAOYSA-N,DB00780,Phenelzine,full_inchikey,AOC3|CYP2C19|MAOA|MAOB|PTGS1,5,AOC3|MAOA|MAOB,3,6.876497767252376,7.033710981866364,5,N06AF03,ABAT|AOC3|GAD65|GPT|GPT2|MAOA|MAOB,7
RTHCYVBBDHJXIQ-UHFFFAOYSA-N,RTHCYVBBDHJXIQ,RTHCYVBBDHJXIQ-UHFFFAOYSA-N,DB00472,Fluoxetine,full_inchikey,ACHE|ADRA2A|CYP2C19|CYP2D6|HTR2A|HTR2C|SIGMAR1|SLC29A4|SLC6A4,9,HTR2C|SLC6A4,2,6.898214607409353,6.727503040332758,9,N06AB03|N06CA03,CHRNA2|CHRNA3|CHRNB4|CKS1B|HTR2C|KCNH2|SLC6A4,7
RTKIYFITIVXBLE-QEQCGCAPSA-N,RTKIYFITIVXBLE,RTKIYFITIVXBLE-QEQCGCAPSA-N,DB04297,Trichostatin A,full_inchikey,F3|HDAC1|HDAC10|HDAC11|HDAC2|HDAC3|HDAC4|HDAC5|HDAC6|HDAC7|HDAC8|HDAC9|NCOR1|NCOR2|NSD2|SF3B3|SYK|VDR,18,HDAC7|HDAC8,2,,7.265840213536695,18,,CASP8|HDAC7|HDAC8|PTGER1|TNF,5
RZEKVGVHFLEQIL-UHFFFAOYSA-N,RZEKVGVHFLEQIL,RZEKVGVHFLEQIL-UHFFFAOYSA-N,DB00482,Celecoxib,full_inchikey,ALOX15|CA12|CA13|CA14|CA2|CA4|CA5A|CA5B|CA6|CA9|EPHX2|MAPK14|MT-CO2|PTGES|PTGS2,15,CA2|PTGS2,2,6.698489069255174,6.721029939974475,15,C08CA51|G01AE10|L01XX33|M01AH01|N02AJ16,CA2|CA3|CDH11|NEU1|PDPK1|PTGS2|STAT3,7
SBDNJUWAMKYJOX-UHFFFAOYSA-N,SBDNJUWAMKYJOX,SBDNJUWAMKYJOX-UHFFFAOYSA-N,DB00939,Meclofenamic acid,full_inchikey,AKR1C3|ALOX5|NR4A2|PTGS1|PTGS2|RXRA,6,ALOX5|PTGS1|PTGS2,3,6.865083899592439,6.717627939950071,6,M01AG04|M02AA18,ALOX5|KCNQ2|KCNQ3|PTGS1|PTGS2,5
SFLSHLFXELFNJZ-QMMMGPOBSA-N,SFLSHLFXELFNJZ,SFLSHLFXELFNJZ-QMMMGPOBSA-N,DB00368,Norepinephrine,full_inchikey,ADRA1A|ADRA1D|ADRA2A|ADRA2B|ADRA2C|ADRB1|ADRB3|DRD2,8,ADRA1A|ADRA1D|ADRA2A|ADRA2B|ADRA2C|ADRB1|ADRB3,7,,6.9427584347044355,8,C01CA03,ADRA1A|ADRA1B|ADRA1D|ADRA2A|ADRA2B|ADRA2C|ADRB1|ADRB2|ADRB3|PAH|SLC18A1|SLC18A2,12
SGTNSNPWRIOYBX-UHFFFAOYSA-N,SGTNSNPWRIOYBX,SGTNSNPWRIOYBX-UHFFFAOYSA-N,DB00661,Verapamil,full_inchikey,ABCB1|ADRA1B|ADRA1D|ADRA2A|ADRA2B|CACNA1D|CACNA1F|CACNA1H|CACNA1S|DRD3|HTR2A|HTR2B|HTR2C|KCNA10|KCNH2|SLC29A4|SLC6A4|TPCN1|TPCN2,19,ABCB1|ADRA1B|ADRA1D|CACNA1H|KCNH2|SLC6A4,6,6.918145025531164,6.698970004336019,19,C08DA01|C08DA51|C09BB10,ABCB1|ADRA1A|ADRA1B|ADRA1D|CACNA1A|CACNA1B|CACNA1C|CACNA1G|CACNA1H|CACNG1|KCNH2|KCNJ11|SLC6A4,13
SHGAZHPCJJPHSC-YCNIQYBTSA-N,SHGAZHPCJJPHSC,SHGAZHPCJJPHSC-YCNIQYBTSA-N,DB00755,Tretinoin,full_inchikey,APP|ESR1|HIF1A|HTR2B|MAPK1|NR2C2|NR2E1|PIN1|PPARD|PPARG|RARA|RARB|RARG|RORA|RORB|RXRA|RXRB|RXRG|SYK,19,RARA|RARB|RARG|RXRA|RXRB|RXRG,6,7.0419006332912275,6.8248355315406055,19,D10AD01|D10AD51|L01XF01,ALDH1A1|ALDH1A2|CRABP1|GPRC5A|LCN1|OBP2A|PDK4|RARA|RARB|RARG|RARRES1|RBP4|RXRA|RXRB|RXRG,15
SHGAZHPCJJPHSC-ZVCIMWCZSA-N,SHGAZHPCJJPHSC,SHGAZHPCJJPHSC-ZVCIMWCZSA-N,DB00523,Alitretinoin,full_inchikey,ESR1|NR4A1|RARA|RARB|RARG|RXRA|RXRB|RXRG,8,RARA|RARB|RARG|RXRA|RXRB|RXRG,6,7.40654314618185,7.607797151906222,8,D11AH04|L01XF02,CYP26C1|IGFBP3|PSG5|RARA|RARB|RARG|RXRA|RXRB|RXRG,9
SNICXCGAKADSCV-JTQLQIEISA-N,SNICXCGAKADSCV,SNICXCGAKADSCV-JTQLQIEISA-N,DB00184,Nicotine,full_inchikey,CHRNA2|CHRNA3|CHRNA4|CHRNA6|CHRNB2|CHRNB3|CHRNB4,7,CHRNA2|CHRNA3|CHRNA4|CHRNA6|CHRNB2|CHRNB3|CHRNB4,7,6.867623213094076,6.983900213393664,7,N07BA01,CHAT|CHRNA10|CHRNA2|CHRNA3|CHRNA4|CHRNA5|CHRNA6|CHRNA7|CHRNA9|CHRNB2|CHRNB3|CHRNB4|CYP19A1,13
STJMRWALKKWQGH-UHFFFAOYSA-N,STJMRWALKKWQGH,STJMRWALKKWQGH-UHFFFAOYSA-N,DB01407,Clenbuterol,full_inchikey,ADRB1|ADRB2|CREB1|DRD2|TSHR,5,ADRB1|ADRB2,2,8.005193111582784,8.451423216732442,5,R03AC14|R03CC13|R03CC63,ADRB1|ADRB2|ADRB3|NGF|TNF,5
TZBJGXHYKVUXJN-UHFFFAOYSA-N,TZBJGXHYKVUXJN,TZBJGXHYKVUXJN-UHFFFAOYSA-N,DB01645,Genistein,full_inchikey,ABL1|AOX1|CSK|DPP3|DPP4|ESR1|ESR2|ESRRB|HSD17B3|MAP2K4|MAPK14|PRKACA|PRKCA,13,ESR1|ESR2|ESRRB,3,7.323716740287872,7.079850359540576,13,,AKT1|CFTR|CYP1B1|ESR1|ESR2|ESRRA|ESRRB|GPER1|NCOA1|NCOA2|NR1I2|PTK2B|SHBG|TOP2A,14
UCTWMZQNUQWSLP-VIFPVBQESA-N,UCTWMZQNUQWSLP,UCTWMZQNUQWSLP-VIFPVBQESA-N,DB00668,Epinephrine,full_inchikey,ADRA1A|ADRA1B|ADRA1D|ADRA2A|ADRA2B|ADRA2C|ADRB1|ADRB2|ADRB3|CA1|CREB1|GNRHR|TSHR,13,ADRA1A|ADRA1B|ADRA1D|ADRA2A|ADRA2B|ADRB1|ADRB2,7,6.839277457123888,6.834821629917689,13,A01AD01|B02BC09|C01CA24|R01AA14|R03AA01|R03AK01|S01EA01|S01EA51,ADRA1A|ADRA1B|ADRA1D|ADRA2A|ADRA2B|ADRB1|ADRB2|TNF,8
UDMBCSSLTHHNCD-KQYNXXCUSA-N,UDMBCSSLTHHNCD,UDMBCSSLTHHNCD-KQYNXXCUSA-N,DB00131,Adenosine phosphate,full_inchikey,ADORA1|DRD2|P2RY2|SRC|TRPM4,5,,0,6.777483003164226,6.300514997831991,5,,ACSL1|ACSS2|ADCY1|ADK|CREB1|FBP1|HINT1|PDE4B|PDE4D|PRKAA1|PRKAB1|PYGL,12
UEQUQVLFIPOEMF-UHFFFAOYSA-N,UEQUQVLFIPOEMF,UEQUQVLFIPOEMF-UHFFFAOYSA-N,DB06148,Mianserin,full_inchikey,ADRA1A|ADRA1B|ADRA1D|ADRA2A|ADRA2B|ADRA2C|CHRM3|CHRM4|CHRM5|DRD1|HRH1|HRH2|HTR1D|HTR1E|HTR2A|HTR2B|HTR2C|HTR6|HTR7|SLC6A2,20,ADRA1A|ADRA2A|ADRA2B|ADRA2C|DRD1|HRH1|HTR2A|HTR2B|HTR2C|HTR6|HTR7|SLC6A2,12,7.179656980442447,7.239756727127771,20,N06AX03,ADRA1A|ADRA2A|ADRA2B|ADRA2C|DRD1|DRD2|DRD3|HRH1|HRH4|HTR1A|HTR1F|HTR2A|HTR2B|HTR2C|HTR6|HTR7|OPRK1|SLC6A2|SLC6A3|SLC6A4,20
UREBDLICKHMUKA-CXSFZGCWSA-N,UREBDLICKHMUKA,UREBDLICKHMUKA-CXSFZGCWSA-N,DB01234,Dexamethasone,full_inchikey,AR|CYP3A7|GLI3|NR3C1|NR3C2|NSD2|PGR|PLA2G1B|PLA2G2A|PLA2G5|PTGS2|TSC22D3,12,NR3C1,1,7.048986420174349,7.046482805299314,12,A01AC02|C05AA09|D07AB19|D07CB04|D07XB05|D10AA03|H02AB02|R01AD03|R01AD53|S01BA01|S01CA01|S01CB01|S02BA06|S02CA06|S03BA01|S03CA01,ANXA1|NOS2|NR0B1|NR1I2|NR3C1,5
VHRGRCVQAFMJIZ-UHFFFAOYSA-N,VHRGRCVQAFMJIZ,VHRGRCVQAFMJIZ-UHFFFAOYSA-N,DB03854,Cadaverine,full_inchikey,CA12|CA14|CA3|CA4|CA5A|CA5B|CA6|CA7|CA9,9,CA12|CA14|CA4|CA6|CA9,5,6.531986838140387,6.348393743112328,9,,CA1|CA12|CA14|CA2|CA4|CA6|CA9,7
VOXZDWNPVJITMN-ZBRFXRBCSA-N,VOXZDWNPVJITMN,VOXZDWNPVJITMN-ZBRFXRBCSA-N,DB00783,Estradiol,full_inchikey,AOX1|AR|ESR1|ESR2|ESRRA|ESRRB|GPER1|HSD17B1|KCNMA1|PGR|SHBG|SULT1E1,12,ESR1|ESR2|GPER1,3,7.782485194629854,8.274668142726885,12,G02BB01|G03AA14|G03AA17|G03AB08|G03CA03|G03CA53|G03EA01|G03EA02|G03EA03|G03FA01|G03FA02|G03FA03|G03FA04|G03FA05|G03FA06|G03FA07|G03FA08|G03FA09|G03FA10|G03FA11|G03FA12|G03FA13|G03FA14|G03FA15|G03FA16|G03FA17|G03FB01|G03FB02|G03FB03|G03FB04|G03FB05|G03FB06|G03FB07|G03FB08|G03FB09|G03FB10|G03FB11|G03FB12|G03HB01|H01CC53|H01CC54,BECN1|CHRNA4|ESR1|ESR2|GPER1|MT-ATP6|NR1I2,7
VYFYYTLLBUKUHU-UHFFFAOYSA-N,VYFYYTLLBUKUHU,VYFYYTLLBUKUHU-UHFFFAOYSA-N,DB00988,Dopamine,full_inchikey,ADRA1A|ADRA2A|ADRB1|CA12|CA5A|CA7|CA9|DRD1|DRD2|DRD3|DRD4|DRD5|FEN1|NFE2L2|PTGS1|SLC6A2,16,DRD1|DRD2|DRD3|DRD4|DRD5|SLC6A2,6,,6.419866003805204,16,C01CA04,DBH|DRD1|DRD2|DRD3|DRD4|DRD5|HTR1A|HTR3A|HTR3B|HTR7|SLC18A2|SLC6A2|SLC6A3|SLC6A4|SOD1,15
WAEXFXRVDQXREF-UHFFFAOYSA-N,WAEXFXRVDQXREF,WAEXFXRVDQXREF-UHFFFAOYSA-N,DB02546,Vorinostat,full_inchikey,EGFR|ESRRA|GLI3|HDAC1|HDAC10|HDAC11|HDAC2|HDAC3|HDAC4|HDAC5|HDAC6|HDAC7|HDAC8|HDAC9|NCOR1|NCOR2|NR3C1|NSD2|RCOR3|TP53,20,HDAC1|HDAC2|HDAC3|HDAC6|HDAC8,5,6.783358782155361,6.61987535311193,20,L01XH01,HDAC1|HDAC2|HDAC3|HDAC6|HDAC8,5
WCGUUGGRBIKTOS-GPOJBZKASA-N,WCGUUGGRBIKTOS,WCGUUGGRBIKTOS-GPOJBZKASA-N,DB15588,Ursolic acid,full_inchikey,CES1|ELANE|NR1H4|RELA|RORC|SENP1,6,ELANE,1,inf,6.8147226972082064,6,,ELANE|HRAS|HSD11B1|PLA2G1B|PTPN1|PYGM,6
WDJUZGPOPHTGOT-XUDUSOBPSA-N,WDJUZGPOPHTGOT,WDJUZGPOPHTGOT-XUDUSOBPSA-N,DB01396,Digitoxin,full_inchikey,AR|ATAD5|ATP1A1|ATP1A2|ATP1A3|ATP1A4|ATP1B1|ATP1B2|ATP1B3|ESR1|ESRRA|FXYD2|GMNN|IDH1|IFNB1|NFE2L2|NR3C1|NSD2|SLCO4C1|STAT3|SYK|TP53|TSHR,23,ATP1A1|ATP1A2|ATP1A3|ATP1B1|ATP1B2|ATP1B3,6,7.232850428958591,7.369839064876844,23,C01AA04,ATP1A1|ATP1A2|ATP1A3|ATP1B1|ATP1B2|ATP1B3,6
WHUUTDBJXJRKMK-VKHMYHEASA-N,WHUUTDBJXJRKMK,WHUUTDBJXJRKMK-VKHMYHEASA-N,DB00142,Glutamic acid,full_inchikey,ADORA3|GRIA2|GRIK3|GRIK5|GRIN1|GRIN2A|GRIN2B|GRIN2C|GRIN2D|GRIN3A|GRIN3B|GRM3|GRM8,13,GRIA2|GRIK3|GRIK5|GRIN1|GRIN2A|GRIN2B|GRIN2C|GRIN2D|GRIN3A|GRM8,10,,7.154901959985743,13,A09AB01,AADAT|AASS|ABAT|ALDH18A1|ASNS|BCAT1|BCAT2|CPQ|DNPEP|EARS2|ENPEP|EPRS1|FOLH1|FPGS|FTCD|GAD1|GAD2|GCLC|GCLM|GGCX|GLS|GLS2|GLUD1|GLUD2|GLUL|GMPS|GOT1|GOT2|GPT|GPT2|GRIA1|GRIA2|GRIA3|GRIA4|GRIK1|GRIK2|GRIK3|GRIK4|GRIK5|GRIN1|GRIN2A|GRIN2B|GRIN2C|GRIN2D|GRIN3A|GRM1|GRM4|GRM7|GRM8|NADSYN1|NAGS|OPLAH|PFAS|PSAT1|SLC1A1|SLC1A2|SLC1A3|SLC1A6|SLC1A7|SLC7A11|TAT,61
WMBWREPUVVBILR-WIYYLYMNSA-N,WMBWREPUVVBILR,WMBWREPUVVBILR-WIYYLYMNSA-N,DB12116,Epigallocatechin gallate,full_inchikey,ABCB1|ADAMTS4|ADAMTS5|BAD|BCL2|BCL2L10|BID|CDK5|CDK5R1|CLK1|CLK4|CSNK1E|DHFR|DNMT1|DYRK1A|DYRK1B|FYN|MAPKAPK5|MCL1|MTOR|PGAM1|PGD|PIK3CA|POLB|PSMB5|RPSA|SERPINE1|STAT1|TPTEP2-CSNK1E|TTR,30,DNMT1,1,6.438872917290485,6.409593203859604,30,,AHR|DHFR2|DNMT1|ELANE|FASN|MMP14|MMP2|SQLE|STAT3|TGM2,10
XEYBRNLFEZDVAW-ARSRFYASSA-N,XEYBRNLFEZDVAW,XEYBRNLFEZDVAW-ARSRFYASSA-N,DB00917,Dinoprostone,full_inchikey,AR|CATSPER1|CATSPER2|CATSPER3|CATSPER4|CREB1|DRD2|ESRRA|GLI3|HPGDS|NR1I2|PTGDR|PTGDR2|PTGER1|PTGER2|PTGER3|PTGER4|PTGFR|PTGIR|SLC22A1|SLC22A11|SLC22A2|SLC22A6|SLC22A7|SLC22A8|SLCO2A1|TBXA2R|TSHR,28,PTGDR2|PTGER1|PTGER2|PTGER3|PTGER4|PTGFR,6,7.370501576015113,7.563963553751026,28,G02AD02,PTGDR2|PTGER1|PTGER2|PTGER3|PTGER4|PTGFR,6
XMAYWYJOQHXEEK-UHFFFAOYSA-N,XMAYWYJOQHXEEK,XMAYWYJOQHXEEK-UHFFFAOYSA-N,DB01026,Ketoconazole,full_inchikey,CYP11B1|CYP11B2|CYP17A1|CYP24A1|CYP26B1|CYP27B1|CYP3A4|CYP3A5|CYP4F2|CYP51A1|KCNA10|SLC6A4,12,CYP17A1,1,6.800876125574139,6.728580490890074,12,D01AC08|G01AF11|G01AF20|H02CA03|J02AB02,AR|CYP17A1|CYP21A2|KCNH2|NR1I2|NR1I3,6
XMAYWYJOQHXEEK-ZEQKJWHPSA-N,XMAYWYJOQHXEEK,XMAYWYJOQHXEEK-ZEQKJWHPSA-N,DB05667,Levoketoconazole,full_inchikey,CYP11B1|CYP11B2|CYP17A1|CYP24A1|CYP3A4|CYP51A1|HSP90AA1|SLC6A4,8,CYP11B1|CYP11B2|CYP17A1|CYP51A1,4,6.660194564884768,6.627119699316397,8,H02CA04,CYP11A1|CYP11B1|CYP11B2|CYP17A1|CYP51A1,5
YASAKCUCGLMORW-UHFFFAOYSA-N,YASAKCUCGLMORW,YASAKCUCGLMORW-UHFFFAOYSA-N,DB00412,Rosiglitazone,full_inchikey,CISD1|FFAR1|NCOA2|PPARG|TRPC5,5,PPARG,1,7.017587291797359,6.903089986991944,5,A10BD03|A10BD04|A10BG02,ACSL4|PPARA|PPARD|PPARG|RXRA|RXRB|RXRG,7
ZGUGWUXLJSTTMA-UHFFFAOYSA-N,ZGUGWUXLJSTTMA,ZGUGWUXLJSTTMA-UHFFFAOYSA-N,DB00420,Promazine,full_inchikey,ADRA1A|ADRA1D|ADRA2A|ADRA2B|ADRA2C|CHRM1|CHRM2|CHRM3|CHRM4|CHRM5|CYP2D6|DRD2|DRD3|DRD4|HRH1|HRH2|HTR2A|HTR2B|HTR2C|HTR5A|HTR6|SIGMAR1|SLC6A2|SLC6A4,24,ADRA1A|CHRM1|CHRM5|DRD2|HRH1|HTR2A|HTR2C,7,6.885085730622982,6.788542654727123,24,N05AA03,ADRA1A|CHRM1|CHRM5|DRD2|HRH1|HTR2A|HTR2C,7
ZJUKTBDSGOFHSH-WFMPWKQPSA-N,ZJUKTBDSGOFHSH,ZJUKTBDSGOFHSH-WFMPWKQPSA-N,DB01752,S-adenosyl-L-homocysteine,full_inchikey,ASH2L|CARM1|DNMT1|DNMT3B|DOT1L|DPY30|EHMT1|METTL3|PRMT1|PRMT3|PRMT7|RBBP5|SMYD2|WDR5|WDR77,15,DNMT3B|PRMT1|PRMT3,3,6.284605150001384,6.224190931724251,15,,COMTD1|DNMT3B|DPH5|GAMT|GNMT|HNMT|PCMT1|PNMT|PRMT1|PRMT3|SETD7|TRDMT1,12
ZKHQWZAMYRWXGA-KQYNXXCUSA-N,ZKHQWZAMYRWXGA,ZKHQWZAMYRWXGA-KQYNXXCUSA-N,DB00171,ATP,full_inchikey,GPR17|HSPA1B|KIFC1|P2RX1|P2RX2|P2RX3|P2RX4|P2RY1|P2RY13|P2RY2|PPP2R5A|TRPM4,12,,0,7.215563635415099,7.0429368258269225,12,,ABCA1|ABCB1|ABCB11|ABCC1|ABCC2|ABCC4|ABCC6|ABCC8|ABCC9|ABCG1|ABL1|ABL2|ACSL1|ACSS1|ACSS2|ACVR1|ACVR1B|ACVRL1|ADCY1|AFG3L2|AKT1|ALK|AMHR2|APAF1|ARAF|ASNS|ASS1|CDK15|CFTR|CSNK2A1|CSNK2B|GET3|GRK2|GRK3|NAE1|NT5C2|P2RY11|PIK3CA|PPP5C|PRKAA1|SLC25A4|TNK2,42
ZPEIMTDSQAKGNT-UHFFFAOYSA-N,ZPEIMTDSQAKGNT,ZPEIMTDSQAKGNT-UHFFFAOYSA-N,DB00477,Chlorpromazine,full_inchikey,ADRA1A|ADRA1D|ADRA2A|ADRA2B|ADRA2C|AOX1|CHRM1|CHRM2|CHRM3|CHRM4|CHRM5|CYP2D6|DRD1|DRD2|DRD3|DRD4|DRD5|GRIN1|GRIN2A|GRIN2B|GRIN2C|GRIN2D|GRIN3A|GRIN3B|HRH1|HRH3|HRH4|HTR1A|HTR2A|HTR2B|HTR2C|HTR5A|HTR6|HTR7|SIGMAR1|SLC6A2|SLC6A4,37,ADRA1A|ADRA2A|CHRM1|CHRM3|DRD1|DRD2|DRD3|DRD4|DRD5|HRH1|HRH4|HTR1A|HTR2A|HTR2C|HTR6|HTR7,16,6.962436117940966,6.870879990838814,37,N05AA01,ADRA1A|ADRA1B|ADRA2A|CALM1|CHRM1|CHRM3|DRD1|DRD2|DRD3|DRD4|DRD5|HRH1|HRH4|HTR1A|HTR2A|HTR2C|HTR6|HTR7|KCNH2|ORM1|SMPD1,21
ZPUCINDJVBIVPJ-LJISPDSOSA-N,ZPUCINDJVBIVPJ,ZPUCINDJVBIVPJ-LJISPDSOSA-N,DB00907,Cocaine,full_inchikey,HTR3A|HTR3B|SLC6A2|SLC6A3|SLC6A4,5,SLC6A2|SLC6A3|SLC6A4,3,7.119886891787272,6.49653115950354,5,N01BC01|R02AD03|S01HA01|S02DA02,CES1|CHRM1|CHRM2|SCN1A|SIGMAR1|SLC6A2|SLC6A3|SLC6A4,8
ZQSIJRDFPHDXIC-UHFFFAOYSA-N,ZQSIJRDFPHDXIC,ZQSIJRDFPHDXIC-UHFFFAOYSA-N,DB13182,Daidzein,full_inchikey,ALOX12|ALOX15|CA12|CA4|CA7|CYP2C9|ESR2|HDAC6,8,ESR2,1,7.25591539200549,6.704403761483391,8,,AKR1B1|ESR1|ESR2|ESRRA|TRPC5,5
ZROLHBHDLIHEMS-HUUCEWRRSA-N,ZROLHBHDLIHEMS,ZROLHBHDLIHEMS-HUUCEWRRSA-N,DB11755,Tetrahydrocannabivarin,full_inchikey,CNR1|CNR2|GPR55|HTR1A|TRPA1|TRPM8|TRPV1,7,CNR1|CNR2|GPR55|HTR1A|TRPA1|TRPM8,6,6.977736466269022,7.55,7,,CNR1|CNR2|GPR55|HTR1A|TRPA1|TRPM8|TRPV2|TRPV3,8
